model,defense,attack_carrier,n_matched,util_mean,util_clean_mean,attempt_mean,blocked_mean,landed_mean,complete_mean
deepseek-coder:6.7b-instruct,D0_none,code_comment,0,,,,,,
deepseek-coder:6.7b-instruct,D0_none,none,0,,,,,,
deepseek-coder:6.7b-instruct,D0_none,rule_file,0,,,,,,
deepseek-coder:6.7b-instruct,D3_action_gate,code_comment,0,,,,,,
deepseek-coder:6.7b-instruct,D3_action_gate,none,0,,,,,,
deepseek-coder:6.7b-instruct,D3_action_gate,rule_file,0,,,,,,
llama3.1:8b,D0_none,code_comment,0,,,,,,
llama3.1:8b,D0_none,none,0,,,,,,
llama3.1:8b,D0_none,rule_file,0,,,,,,
llama3.1:8b,D3_action_gate,code_comment,0,,,,,,
llama3.1:8b,D3_action_gate,none,0,,,,,,
llama3.1:8b,D3_action_gate,rule_file,0,,,,,,
qwen2.5-coder:1.5b,D0_none,issue,0,,,,,,
qwen2.5-coder:1.5b,D0_none,none,0,,,,,,
qwen2.5-coder:1.5b,D0_none,rule_file,0,,,,,,
qwen2.5-coder:1.5b,D3_action_gate,issue,0,,,,,,
qwen2.5-coder:1.5b,D3_action_gate,none,0,,,,,,
qwen2.5-coder:1.5b,D3_action_gate,rule_file,0,,,,,,
qwen2.5-coder:14b,D0_none,code_comment,0,,,,,,
qwen2.5-coder:14b,D0_none,issue,0,,,,,,
qwen2.5-coder:14b,D0_none,none,0,,,,,,
qwen2.5-coder:14b,D0_none,rule_file,0,,,,,,
qwen2.5-coder:14b,D3_action_gate,code_comment,0,,,,,,
qwen2.5-coder:14b,D3_action_gate,issue,0,,,,,,
qwen2.5-coder:14b,D3_action_gate,none,0,,,,,,
qwen2.5-coder:14b,D3_action_gate,rule_file,0,,,,,,
qwen2.5-coder:3b,D0_none,code_comment,0,,,,,,
qwen2.5-coder:3b,D0_none,issue,0,,,,,,
qwen2.5-coder:3b,D0_none,none,0,,,,,,
qwen2.5-coder:3b,D0_none,readme,0,,,,,,
qwen2.5-coder:3b,D0_none,rule_file,0,,,,,,
qwen2.5-coder:3b,D0_none,test_log,0,,,,,,
qwen2.5-coder:3b,D1_spotlight,code_comment,0,,,,,,
qwen2.5-coder:3b,D1_spotlight,issue,0,,,,,,
qwen2.5-coder:3b,D1_spotlight,none,0,,,,,,
qwen2.5-coder:3b,D1_spotlight,readme,0,,,,,,
qwen2.5-coder:3b,D1_spotlight,rule_file,0,,,,,,
qwen2.5-coder:3b,D1_spotlight,test_log,0,,,,,,
qwen2.5-coder:3b,D2_strip,code_comment,0,,,,,,
qwen2.5-coder:3b,D2_strip,issue,0,,,,,,
qwen2.5-coder:3b,D2_strip,none,0,,,,,,
qwen2.5-coder:3b,D2_strip,readme,0,,,,,,
qwen2.5-coder:3b,D2_strip,rule_file,0,,,,,,
qwen2.5-coder:3b,D3_action_gate,code_comment,0,,,,,,
qwen2.5-coder:3b,D3_action_gate,issue,0,,,,,,
qwen2.5-coder:3b,D3_action_gate,none,0,,,,,,
qwen2.5-coder:3b,D3_action_gate,readme,0,,,,,,
qwen2.5-coder:3b,D3_action_gate,rule_file,0,,,,,,
qwen2.5-coder:3b,D3_action_gate,test_log,0,,,,,,
qwen2.5-coder:3b,D3np_action_gate_silent,code_comment,0,,,,,,
qwen2.5-coder:3b,D3np_action_gate_silent,issue,0,,,,,,
qwen2.5-coder:3b,D3np_action_gate_silent,none,0,,,,,,
qwen2.5-coder:3b,D3np_action_gate_silent,rule_file,0,,,,,,
qwen2.5-coder:3b,D4_task_align,code_comment,0,,,,,,
qwen2.5-coder:3b,D4_task_align,issue,0,,,,,,
qwen2.5-coder:3b,D4_task_align,none,0,,,,,,
qwen2.5-coder:3b,D4_task_align,rule_file,0,,,,,,
qwen2.5-coder:3b,D5_human_confirm,code_comment,0,,,,,,
qwen2.5-coder:3b,D5_human_confirm,issue,0,,,,,,
qwen2.5-coder:3b,D5_human_confirm,none,0,,,,,,
qwen2.5-coder:3b,D5_human_confirm,readme,0,,,,,,
qwen2.5-coder:3b,D5_human_confirm,rule_file,0,,,,,,
qwen2.5-coder:3b,D5np_confirm_silent,code_comment,0,,,,,,
qwen2.5-coder:3b,D5np_confirm_silent,issue,0,,,,,,
qwen2.5-coder:3b,D5np_confirm_silent,none,0,,,,,,
qwen2.5-coder:3b,D5np_confirm_silent,rule_file,0,,,,,,
qwen2.5-coder:7b,D0_none,code_comment,0,,,,,,
qwen2.5-coder:7b,D0_none,issue,0,,,,,,
qwen2.5-coder:7b,D0_none,none,0,,,,,,
qwen2.5-coder:7b,D0_none,rule_file,0,,,,,,
qwen2.5-coder:7b,D3_action_gate,code_comment,0,,,,,,
qwen2.5-coder:7b,D3_action_gate,issue,0,,,,,,
qwen2.5-coder:7b,D3_action_gate,none,0,,,,,,
qwen2.5-coder:7b,D3_action_gate,rule_file,0,,,,,,
qwen2.5-coder:7b,D3np_action_gate_silent,code_comment,0,,,,,,
qwen2.5-coder:7b,D3np_action_gate_silent,issue,0,,,,,,
qwen2.5-coder:7b,D3np_action_gate_silent,none,0,,,,,,
qwen2.5-coder:7b,D3np_action_gate_silent,rule_file,0,,,,,,
qwen2.5-coder:7b,D5_human_confirm,code_comment,0,,,,,,
qwen2.5-coder:7b,D5_human_confirm,issue,0,,,,,,
qwen2.5-coder:7b,D5_human_confirm,none,0,,,,,,
qwen2.5-coder:7b,D5_human_confirm,rule_file,0,,,,,,
qwen2.5-coder:7b,D5np_confirm_silent,code_comment,0,,,,,,
qwen2.5-coder:7b,D5np_confirm_silent,issue,0,,,,,,
qwen2.5-coder:7b,D5np_confirm_silent,none,0,,,,,,
qwen2.5-coder:7b,D5np_confirm_silent,rule_file,0,,,,,,
starcoder2:3b,D0_none,code_comment,0,,,,,,
starcoder2:3b,D0_none,none,0,,,,,,
starcoder2:3b,D0_none,rule_file,0,,,,,,
starcoder2:3b,D3_action_gate,code_comment,0,,,,,,
starcoder2:3b,D3_action_gate,none,0,,,,,,
starcoder2:3b,D3_action_gate,rule_file,0,,,,,,
