model,defense,n_matched,util_mean,util_clean_mean,attempt_mean,blocked_mean,landed_mean,complete_mean,util_delta_mean,util_delta_lo,util_delta_hi,attempt_lo,attempt_hi,landed_lo,landed_hi,complete_lo,complete_hi
deepseek-coder:6.7b-instruct,D0_none,12,0.25,0.3333333333333333,0.375,0.0,0.2916666666666667,0.041666666666666664,-0.08333333333333333,-0.3333333333333333,0.20833333333333334,0.20833333333333334,0.5416666666666666,0.16666666666666666,0.4166666666666667,0.0,0.125
deepseek-coder:6.7b-instruct,D3_action_gate,12,0.08333333333333333,0.08333333333333333,0.20833333333333334,0.16666666666666666,0.041666666666666664,0.041666666666666664,0.0,-0.20833333333333334,0.16666666666666666,0.08333333333333333,0.3333333333333333,0.0,0.125,0.0,0.125
llama3.1:8b,D0_none,12,0.6666666666666666,0.3333333333333333,0.6666666666666666,0.0,0.6666666666666666,0.0,0.3333333333333333,0.041666666666666664,0.625,0.5,0.8333333333333334,0.5,0.8333333333333334,0.0,0.0
llama3.1:8b,D3_action_gate,12,0.3333333333333333,0.5833333333333334,0.625,0.3333333333333333,0.2916666666666667,0.08333333333333333,-0.25,-0.5416666666666666,0.041666666666666664,0.375,0.8333333333333334,0.16666666666666666,0.4166666666666667,0.0,0.20833333333333334
qwen2.5-coder:1.5b,D0_none,8,0.25,0.125,0.0,0.0,0.0,0.0,0.125,-0.125,0.4375,0.0,0.0,0.0,0.0,0.0,0.0
qwen2.5-coder:1.5b,D3_action_gate,8,0.0,0.0,0.0,0.0,0.0,0.0,0.0,0.0,0.0,0.0,0.0,0.0,0.0,0.0,0.0
qwen2.5-coder:14b,D0_none,12,0.8194444444444443,1.0,0.736111111111111,0.0,0.7083333333333334,0.125,-0.18055555555555558,-0.3194444444444445,-0.06944444444444445,0.5972222222222222,0.8749999999999999,0.5555555555555555,0.8475694444444442,0.0,0.25
qwen2.5-coder:14b,D3_action_gate,12,0.8333333333333331,1.0,0.9166666666666666,0.9166666666666666,0.0,0.0,-0.1666666666666667,-0.25069444444444444,-0.08333333333333333,0.8333333333333331,1.0,0.0,0.0,0.0,0.0
qwen2.5-coder:3b,D0_none,60,0.5454166666666667,0.6333333333333333,0.22708333333333333,0.0,0.05972222222222222,0.035416666666666666,-0.0879166666666667,-0.20139583333333336,0.03504861111111103,0.18123263888888888,0.2743055555555555,0.02986111111111111,0.0937673611111111,0.013194444444444444,0.06531249999999997
qwen2.5-coder:3b,D1_spotlight,18,0.7777777777777778,0.7777777777777778,0.0,0.0,0.0,0.0,1.5419764230904953e-17,-0.07777777777777775,0.07777777777777779,0.0,0.0,0.0,0.0,0.0,0.0
qwen2.5-coder:3b,D2_strip,18,0.7083333333333334,0.6666666666666666,0.0,0.0,0.0,0.0,0.041666666666666664,-0.013888888888888888,0.1111111111111111,0.0,0.0,0.0,0.0,0.0,0.0
qwen2.5-coder:3b,D3_action_gate,60,0.5506944444444444,0.65,0.16944444444444443,0.16944444444444443,0.0,0.0,-0.09930555555555558,-0.20639236111111112,0.021604166666666577,0.11527777777777778,0.22571180555555556,0.0,0.0,0.0,0.0
qwen2.5-coder:3b,D3np_action_gate_silent,30,0.6444444444444444,0.8666666666666667,0.4444444444444445,0.4444444444444445,0.0,0.0,-0.22222222222222224,-0.38888888888888895,-0.06666666666666668,0.388888888888889,0.5,0.0,0.0,0.0,0.0
qwen2.5-coder:3b,D4_task_align,10,0.6666666666666667,0.7,0.03333333333333333,0.03333333333333333,0.0,0.0,-0.03333333333333336,-0.20000000000000004,0.1333333333333333,0.0,0.1,0.0,0.0,0.0,0.0
qwen2.5-coder:3b,D5_human_confirm,30,0.7583333333333334,0.7333333333333333,0.19166666666666662,0.19166666666666662,0.0,0.0,0.02499999999999999,-0.075,0.12784722222222214,0.1138888888888889,0.27499999999999997,0.0,0.0,0.0,0.0
qwen2.5-coder:3b,D5np_confirm_silent,30,0.7333333333333333,0.8,0.4000000000000001,0.4000000000000001,0.0,0.0,-0.0666666666666667,-0.2113888888888889,0.07777777777777777,0.3444444444444445,0.4555555555555556,0.0,0.0,0.0,0.0
qwen2.5-coder:7b,D0_none,12,0.6944444444444443,0.8333333333333334,0.5416666666666666,0.0,0.53125,0.03125,-0.13888888888888892,-0.35772569444444446,0.0834201388888888,0.47222222222222215,0.611111111111111,0.4548611111111111,0.6006944444444445,0.0,0.0625
qwen2.5-coder:7b,D3_action_gate,30,0.5128968253968255,0.7333333333333333,0.6827380952380954,0.6563492063492065,0.1805555555555555,0.15416666666666667,-0.22043650793650796,-0.38255952380952385,-0.06860615079365086,0.6125,0.755560515873016,0.12770833333333334,0.23472222222222217,0.1013888888888889,0.20972222222222217
qwen2.5-coder:7b,D3np_action_gate_silent,30,0.43333333333333324,0.8333333333333334,0.5555555555555554,0.43333333333333335,0.12222222222222222,0.0,-0.40000000000000013,-0.5222222222222223,-0.2777777777777778,0.46666666666666673,0.6444444444444444,0.06666666666666667,0.17777777777777773,0.0,0.0
qwen2.5-coder:7b,D5_human_confirm,30,0.23333333333333334,0.6,0.6666666666666667,0.6333333333333333,0.03333333333333333,0.0,-0.36666666666666664,-0.5444444444444444,-0.21111111111111114,0.6111111111111112,0.7222222222222224,0.0,0.06666666666666667,0.0,0.0
qwen2.5-coder:7b,D5np_confirm_silent,30,0.38888888888888895,0.7,0.44444444444444453,0.44444444444444453,0.0,0.0,-0.3111111111111111,-0.46666666666666673,-0.14444444444444446,0.38888888888888895,0.5,0.0,0.0,0.0,0.0
starcoder2:3b,D0_none,12,0.0,0.0,0.0,0.0,0.0,0.0,0.0,0.0,0.0,0.0,0.0,0.0,0.0,0.0,0.0
starcoder2:3b,D3_action_gate,12,0.0,0.0,0.0,0.0,0.0,0.0,0.0,0.0,0.0,0.0,0.0,0.0,0.0,0.0,0.0
